<?xml version="1.0" encoding="UTF-8"?>

<configuration>
	
	<property name="LOGS" value="./logs"/>
	
	<appender name="consola" class="ch.qos.logback.core.ConsoleAppender">
		<encoder>
			<pattern>%d{dd-MMM-yyyy | HH:mm:ss} [%thread] %-5level %logger ----- %msg%n</pattern>	
		</encoder>
	</appender>
	
	<appender name="RollingFile" class="ch.qos.logback.core.rolling.RollingFileAppender">
        <file>${LOGS}/universidad-log.log</file>
        <encoder class="ch.qos.logback.classic.encoder.PatternLayoutEncoder">
            <Pattern>%d %p %C{1.} [%t] %m%n</Pattern>
        </encoder>

        <rollingPolicy class="ch.qos.logback.core.rolling.TimeBasedRollingPolicy">
            <fileNamePattern>${LOGS}/archivados/universidad-log-%d{yyyy-MM-dd}.%i.log
            </fileNamePattern>
            <timeBasedFileNamingAndTriggeringPolicy class="ch.qos.logback.core.rolling.SizeAndTimeBasedFNATP">
                <maxFileSize>6KB</maxFileSize>
            </timeBasedFileNamingAndTriggeringPolicy>
        </rollingPolicy>
    </appender>
	
	<root level="info">
		<appender-ref ref="consola"/>
		<appender-ref ref="RollingFile"/>
	</root>
	
</configuration>